x,y,label
-0.854799580923207,-0.010376155686167676,0.0
0.35569937098768545,-0.51972235612055,0.0
0.09544000205636016,0.7778675336901253,0.0
0.9319663464997283,-0.055718281066009956,0.0
-0.10537416671691058,0.9870696686975597,0.0
0.3526541170985409,0.836733559708811,0.0
0.5485985475109174,-0.20207179866693425,0.0
-0.7428060599664568,-0.27112383697796827,0.0
0.3173023291742181,0.913855422602583,0.0
0.13440045098693632,-0.47251037375111404,0.0
0.17800836761139793,-0.4771361582725109,0.0
0.5842766689278032,0.36235830141384406,0.0
-0.3640614808379483,0.7171798655440857,0.0
-0.03778334622237378,-0.6276805537941803,0.0
-0.6388442081767787,-0.4316635863896785,0.0
-0.8754822031318066,-0.42563377300346006,0.0
-0.02248482894030457,0.9520845199893266,0.0
0.3494477468858861,-0.5633405006459167,0.0
0.35308263904435444,-0.5095553465587925,0.0
0.22970980763464932,0.9555873123053564,0.0
-0.30013263403112456,-0.08084926968908146,0.0
0.5607831275933208,0.21707399187078136,0.0
-0.10374264791521193,-0.025841939443391304,0.0
-0.6869932629034312,-0.44537689783428425,0.0
-0.02612110990758243,-0.4004816073524917,0.0
0.4699165243244363,-0.0031461532210188548,0.0
-0.6393136899160219,-0.11201008926860911,0.0
0.09732999391990949,0.18178151600570192,0.0
0.5863643033076349,-0.10333609747206407,0.0
0.20738362407457256,0.39294377315146467,0.0
-0.19589067511333358,-0.016726067744092132,0.0
-0.2281240336296535,0.7877032113147182,0.0
-0.09299056545027606,-0.9782520480111301,0.0
0.2987635872210537,0.8168768252304413,0.0
-0.008822549436128035,0.07563561168007293,0.0
0.34711650569400665,-0.4524971383932346,0.0
0.1912685540538075,-0.39235687045980416,0.0
0.2991437081979018,-0.49547163612063305,0.0
-0.07168054962484716,-0.9179734081169226,0.0
0.567458673327031,0.4872917452326453,0.0
-0.8061090530520998,-0.5545751403316554,0.0
0.28872394892246467,-0.480536225936665,0.0
-0.21616307455781403,-0.6065563582760705,0.0
-0.6365308977894375,0.5099694162029555,0.0
0.19960479367648065,-0.8711887442722652,0.0
-0.7879372897092827,-0.5244134555133335,0.0
-0.7635867727817764,0.590339206685123,0.0
0.03281999512925493,0.7260665443671532,0.0
-0.005193092537877586,-0.6087034742030815,0.0
-0.584597282853857,-0.034233437986919135,0.0
0.30078444888222,0.43409240463339405,0.0
0.20647865287187606,-0.5351090943509933,0.0
-0.485460927843109,-0.07951221155618682,0.0
-0.1826928187748449,-0.45588691611770704,0.0
-0.47308057585466035,-0.8170516344661705,0.0
-0.17260916400344373,-0.3662352360255632,0.0
-0.48405788813411443,-0.7538554007025862,0.0
0.46000889362465314,-0.12824767960599304,0.0
-0.8141033714324373,0.24743746675360034,0.0
-0.2644716470899995,0.7733944467496996,0.0
0.055297471622817396,-0.26927917511450006,0.0
0.4453380494997501,-0.3864166775256799,0.0
-0.0003177975208694672,-0.36899962741152814,0.0
-0.15506512055936783,0.966768377173838,0.0
0.5976772019527561,-0.3950678992116863,0.0
-0.8030109629641538,-0.05820961314715811,0.0
-0.7020508678323505,-0.43803107972291544,0.0
0.22395236898827542,-0.8043689654771744,0.0
0.3834425041088638,0.18193980644364527,0.0
0.2675091201832547,0.3549852271471714,0.0
0.10211742823390857,-0.7133215986694985,0.0
0.8217294487865974,-0.04442928728054807,0.0
0.2584110397079231,-0.17484513147729697,0.0
0.44817304266605107,0.8692069435733389,0.0
-0.5278890592876035,-0.39013523219967183,0.0
0.18080668931633692,0.8216252112152664,0.0
0.205635339726165,0.5744215883604105,0.0
0.25946207083526285,0.9517869252319935,0.0
-0.9436877544568565,0.07582924763890819,0.0
0.3353272490547321,-0.3073083550607054,0.0
0.7918571912701697,0.16217257555943387,0.0
0.1556691099506129,-0.7721880736040374,0.0
-0.37647487008530733,-0.5819774690059301,0.0
0.6449335288205267,-0.6845997764680247,0.0
0.5106523896157642,0.047531507691860764,0.0
0.951687188560586,-0.18862812163709353,0.0
0.017801025736078557,-0.8653029658178493,0.0
-0.44317489052097647,-0.3756538343179576,0.0
-0.6280625630216641,-0.48656052041262354,0.0
-0.14326577623881942,0.7032739130286727,0.0
-0.5362479172731929,0.34189954721286764,0.0
0.18647961108773425,-0.12229402549646529,0.0
0.32926239794542655,-0.9296014193709183,0.0
0.6237578146618741,-0.021668169541777527,0.0
-0.5954549200844392,-0.42919198889518784,0.0
-0.14407988677261807,0.35669059710293594,0.0
-0.797276521388991,0.4371825749506557,0.0
-0.1416482766204621,-0.9788961457742889,0.0
-0.6087706134910824,-0.025551646036378495,0.0
0.5046252488472509,-0.09548695193418966,0.0
0.58724137525545,-0.5967877940432298,0.0
0.9020000660538563,-0.3889300713183399,0.0
0.5633644320905731,-0.33473129989200867,0.0
0.7684971593414545,-0.2354483760177819,0.0
-0.3782137490613122,0.9167138962282828,0.0
0.8697395413079094,0.4459339943738678,0.0
-0.12920731342728264,0.9755251841200236,0.0
-0.35371860141088596,0.6911951731812367,0.0
-0.8327095759757439,0.163364813391778,0.0
-0.6466665466675707,-0.15561597016787965,0.0
0.09538636201619721,0.06848794475147213,0.0
0.33161606031853164,0.2644771417586982,0.0
0.09450064637195554,0.1613082511805961,0.0
0.786586953829894,-0.057733997770100576,0.0
-0.5330503021582895,-0.29244717847740453,0.0
-0.3652157619992291,-0.6405248827148482,0.0
0.11876684586777841,0.9130128236984705,0.0
-0.19633693305097455,-0.004540079443389633,0.0
-0.5294710512718703,0.5046482230820482,0.0
0.4287039428723338,-0.31293853003827765,0.0
-0.5914284885680956,0.3490186823987731,0.0
-0.10386545844979822,-0.7263438283543424,0.0
-0.3133600272722483,0.2407318470643156,0.0
0.7510038567966915,0.5596671668239328,0.0
-0.6954882625195371,0.46353880728768604,0.0
-0.6186655695606857,0.7568244424032982,0.0
0.24153626027842412,-0.5136589860487986,0.0
-0.20636991290100481,-0.07008028805705613,0.0
-0.8641930738182373,0.1678863708563334,0.0
0.4537146993240855,-0.21282250332523112,0.0
-0.18050221043086623,0.58229720831699,0.0
0.548703652099509,0.7568912056407133,0.0
-0.23989480318583634,0.5850008200494008,0.0
-0.3530967395929032,-0.1667519150130441,0.0
-0.9319846655686408,-0.26708109051479956,0.0
0.4384584051942373,0.7556781371590733,0.0
-0.4669049284261415,-0.22082437801284516,0.0
-0.2676262497616717,-0.08278349191548817,0.0
-0.07191506400278125,-0.5814039913795905,0.0
0.40170846312725783,0.8375704331616083,0.0
-0.04282509725588857,-0.09514209318120015,0.0
-0.3341458503931447,0.8589646841981504,0.0
0.37705300555187415,0.9219395421151468,0.0
0.04794977690038649,-0.9780124999406992,0.0
0.27984626927179734,0.6029807688754218,0.0
0.10134531369226152,-0.6202051743833707,0.0
0.31462516167347965,-0.1827889668848235,0.0
0.4848555741476668,-0.5019559752457936,0.0
0.8433269624469575,0.050048903666369826,0.0
-0.009280165806495155,-0.8156578128655274,0.0
-0.01422930427645408,0.6353132317796404,0.0
0.14860868869572763,-0.4994836264587956,0.0
0.931466323630096,0.2247258153568874,0.0
-0.16421609638356593,-0.5640362184573309,0.0
-0.23041604862583687,-0.3730972451517349,0.0
0.3329322590229109,0.9183825901042331,0.0
-0.6708684422577891,-0.3369989661730348,0.0
-0.33993021705573767,0.3975128494247677,0.0
-0.46112972442518885,-0.04199153100912767,0.0
0.19241637970794145,-0.47883375792318517,0.0
0.15592381664846955,0.24961939332329752,0.0
-0.11340710831628686,-0.6483045516257557,0.0
-0.2831907824781801,0.19891199377060653,0.0
0.7224466616893968,0.47824459568089317,0.0
-0.5029137993641271,0.7721363992179859,0.0
0.2882659786184196,0.18892933112603583,0.0
0.12629216288842993,-0.18577784080935755,0.0
0.2917516620739027,0.5083930216968515,0.0
0.909111678675008,-0.2664542051594163,0.0
0.6885863528418044,-0.14921840024337318,0.0
0.5720063226466281,0.8072088145799092,0.0
-0.23722260469707002,-0.5211620653324978,0.0
0.08677331137005151,-0.2568174649302004,0.0
-0.39297900791500573,-0.6097331683959011,0.0
-0.1066866691514039,-0.7197054277287294,0.0
0.5012733725877345,0.601503418270122,0.0
-0.15644695716384716,0.9133400363370419,0.0
0.13338903989928275,0.3706643405704304,0.0
0.7339262559975563,-0.5899341990410327,0.0
-0.6337416663997313,-0.2092624937816363,0.0
-0.32973205776949466,-0.7381846365990996,0.0
0.5322803897694746,0.4750048461819478,0.0
-0.4349820569298324,-0.42698878066263646,0.0
0.3286358148548043,0.47935440696846343,0.0
0.2698721442652159,-0.24181037993607268,0.0
0.23432101243069092,-0.22332603222749703,0.0
0.4764274784438509,0.46701839093967434,0.0
0.5016471704422036,0.06674526406327641,0.0
0.03749257971970987,-0.922997604683202,0.0
-0.08330676288250416,-0.02420401272844086,0.0
0.5307762399630986,-0.7249956076151174,0.0
-0.14854877858585325,-0.3429997699116225,0.0
-0.30066249664382605,-0.06011282866222922,0.0
0.39288316116258115,-0.6022230828646504,0.0
0.18128294424160596,0.9053774491157089,0.0
-0.24573813961166802,0.14270466235587054,0.0
-0.16869402284257262,-0.6823067497948867,0.0
-0.16141356523047112,-0.42265664215689136,0.0
-0.029232701835237407,-0.5551675444561188,0.0
-0.4917643841663226,0.5229334614722572,0.0
0.11730290209238858,0.6367072898301529,0.0
-0.5520568607254026,-0.5472952735076178,0.0
0.9753529929277513,0.03936431774981419,0.0
-0.8840582198744895,0.12729383210844558,0.0
0.8864031966790948,0.3344976244696609,0.0
0.6086736871526786,-0.6090585211084645,0.0
-0.6914873633486349,0.25066995558837735,0.0
-0.8349770926868354,0.37230266055060146,0.0
0.011404012321753365,-0.15502116709021752,0.0
0.3700538904331805,-0.5576968260536699,0.0
-0.5768763656067069,0.028660025061458372,0.0
-0.4117254596645419,0.909832499398918,0.0
-0.8324170369512038,0.5117790704587382,0.0
-0.08132836883920036,-0.694921422148624,0.0
-0.5287481715282192,-0.007478143040456242,0.0
-0.1316312707050331,-0.6136408995583686,0.0
-0.021694642775587525,0.5462547943868055,0.0
0.4989271361166683,-0.608846724909025,0.0
0.5948759140599591,0.30017754072361735,0.0
-0.1916087221284568,-0.18686772509836147,0.0
0.4831156077163674,0.1807898691758203,0.0
-0.2554189941779996,0.017877900231003885,0.0
-0.5271426696531945,0.8356232955733989,0.0
-0.083159378325248,0.4327139759135086,0.0
-0.9389280856001807,-0.2670322934713958,0.0
0.6426391470684356,-0.03951126312690212,0.0
-0.39252174250690874,-0.7602760941723481,0.0
-0.1427985678870538,-0.05418808123327201,0.0
0.15460933537027133,0.1634594179080815,0.0
-0.6355894414122949,-0.5965440338980088,0.0
0.795647922084133,0.45699258421790434,0.0
0.12068411711809524,-0.5438456842161188,0.0
0.778908491481453,-0.5716239479772924,0.0
-0.07798644811421118,0.9829206988428392,0.0
0.2887434251891372,0.4917244991531018,0.0
0.6129880111516364,-0.5366042826632038,0.0
0.0578468696061456,0.2668059205688118,0.0
0.3057644309215475,-0.09941613440325892,0.0
-0.33865189259898676,-0.06587111543130542,0.0
0.0651230848275226,0.43801825374414727,0.0
-0.4515114294556608,0.2432092659005045,0.0
-0.6044330740108224,-0.2635073067075717,0.0
0.14118850390643956,-0.46555092975423995,0.0
-0.09792264130007933,0.9767310002268537,0.0
-0.6096293765182359,0.2049735420056138,0.0
-0.2794533560764605,-0.41895060165773357,0.0
-0.16409283453723478,0.46769635316347635,0.0
0.9148123265348849,-0.2656697626105762,0.0
0.42882804124482377,-0.13975275996702807,0.0
-0.781818343644,0.05294275186790176,0.0
0.04299933732134331,0.505262010152344,0.0
0.1768169126953576,0.47140293556283774,0.0
0.19181451894764567,0.4925089167039969,0.0
-0.43215441879281236,0.8729830795407341,0.0
-0.5528827000286209,-0.29354184005327455,0.0
-0.0884553175882763,0.5101323788955101,0.0
-0.6147271165994965,-0.4160959589252633,0.0
-0.5155167620979533,-0.4569941288521129,0.0
-0.46764277597641457,0.28067306107891143,0.0
0.2660728809713302,-0.7738644484841706,0.0
-0.26156197720761476,-0.8830764348233191,0.0
-0.36975931860582323,0.005200984103749473,0.0
-0.38137568817618717,0.4352118045121045,0.0
0.5400300274755077,0.6822471431298864,0.0
0.12267156135763724,0.12888794994396147,0.0
-0.6108141123229087,0.7211656037210976,0.0
0.9020388068154053,-0.043077018326017846,0.0
0.715477523547208,0.6289070501729557,0.0
-0.6479446148342971,0.5636979899943653,0.0
0.7083134227701369,0.24540241121332307,0.0
0.5268955154881694,0.3408864963785545,0.0
0.28084072789228576,-0.6057275864585612,0.0
0.6643628420793963,0.14840605041829869,0.0
0.30635188890259446,0.5047708948277159,0.0
-0.9255686333737383,0.15765317000296042,0.0
0.9549260347997741,0.23856601443260783,0.0
0.9309002455726845,0.2929989062790559,0.0
0.8669949640864545,-0.3280469079188564,0.0
0.49484115703175946,0.673771721444099,0.0
-0.45011517676247914,-0.8187798426000468,0.0
0.29619699745116645,-0.22497864993544558,0.0
0.5996937937166049,-0.37328896000382694,0.0
0.6248561998348714,-0.3798466087821082,0.0
0.3321705878771566,0.39718019624448253,0.0
-0.32575327794134723,0.27688148421024006,0.0
0.22327363851800275,0.6712044411473241,0.0
-0.5979172770425467,0.6096649598219002,0.0
-0.8133934833650203,0.047696498389147246,0.0
0.04687601620628268,-0.15712117527571023,0.0
0.005199425805457736,0.01589765855220926,0.0
0.4134750702957577,0.37335577107462115,0.0
-0.5909985898219912,-0.6218351637952186,0.0
-0.07297827251906375,-0.6885816881118028,0.0
0.6948145696973378,-0.6242627752759589,0.0
-0.17538684640170987,-0.3494238774821925,0.0
0.4730646519845656,0.38195549988095645,0.0
0.38107211626059967,0.14587621181052945,0.0
0.659136693111708,0.36238882233301295,0.0
-0.08425016498143756,0.9788977305080058,0.0
0.4086939107087064,0.8489537440947503,0.0
0.6300742295207276,-0.6631495024261576,0.0
0.6263666119311619,0.5325396733920196,0.0
-0.36496931269390087,0.4354163437096241,0.0
-0.1405821056324188,-0.8882657426925136,0.0
-0.939466510065551,-0.050567298306056996,0.0
-0.934225516113957,-0.30110674475747934,0.0
-0.488340340375617,0.8223577144724015,0.0
-0.22364701031852774,0.7967469717041926,0.0
-0.9588680339013544,0.15164159397457477,0.0
-0.6338612802842325,0.0652079394183287,0.0
-0.003271328141270846,0.25715924642039134,0.0
0.059172373770192355,-0.6641759648281773,0.0
-0.07088058427899147,0.685626430026854,0.0
-0.2346299399053402,0.3869415831632843,0.0
0.31491529761407233,-0.04912864224557878,0.0
0.7406420476483817,-0.07244022971648656,0.0
-0.38760223660711013,0.3363789948538931,0.0
-0.20300955712054325,-0.022121643703401972,0.0
-0.6010053533442867,0.057197819873810785,0.0
0.6840662693322881,0.26379127986429274,0.0
0.49601963299048046,-0.864533915874665,0.0
-0.4425363455187197,0.6517881520041287,0.0
0.5376014624554484,-0.23503153578164637,0.0
0.699510100284974,0.6613878659873216,0.0
0.3436547640661798,0.15619138826213574,0.0
0.03764575285608629,-0.5283776838621399,0.0
-0.8398597085252955,0.020729570888903925,0.0
-0.26428641132449227,-0.5246639496438912,0.0
-0.5727113997852395,-0.40998870245687846,0.0
0.3685679143386529,0.9249935916314991,0.0
0.597820622842153,0.5913302807369576,0.0
-0.2178214692246796,-0.40947151436150486,0.0
-0.4019361477018475,0.6034021327516568,0.0
0.15626329101183756,0.6358934555389997,0.0
0.2266659960088151,0.26992956761653164,0.0
0.881495234074869,-0.2801596075850721,0.0
0.1482237469023593,-0.04890713123582002,0.0
0.5667595512302221,-0.7243807999370007,0.0
-0.5917462805287017,-0.2894229499738321,0.0
-0.3912532499663093,0.7322872873831932,0.0
-0.485908524391631,0.6276155701939801,0.0
-0.34677878716572996,-0.2065155327625694,0.0
0.7766838634546578,0.3319529491615101,0.0
0.21307631177205244,-0.6259765013255181,0.0
-0.3864205226669817,0.15770863711280958,0.0
-0.42902802797565265,-0.42678613102796636,0.0
0.08589074290439291,0.24056470131773655,0.0
-0.4257943489299745,0.122597662187661,0.0
-0.4738671940829897,0.04047537251395261,0.0
0.47475777387091167,-0.17403625893721952,0.0
-0.4883424637334115,0.5445269442212115,0.0
0.9938364787597194,0.007754387379564243,0.0
-0.36162592787619974,-0.6084630414304513,0.0
-0.26582972129204774,-0.2782230733680997,0.0
-0.29597118403876843,-0.6868178891948331,0.0
0.4822011827685675,0.408330465550204,0.0
-0.48354821655411095,-0.27077799757167575,0.0
-0.2813771074977103,-0.11770278449627747,0.0
-0.48474212793570515,0.6186683055109679,0.0
-0.7134573382545872,-0.48400281582175797,0.0
-0.308494656134527,-0.6679263043433079,0.0
0.43539040073254887,-0.8855097791229338,0.0
-0.23402156714490996,-0.8364937258833873,0.0
-0.5546988803625417,0.6932025814691782,0.0
-0.9570611240184357,-0.07496877531111346,0.0
-0.3715119306529848,0.1474962234857493,0.0
-0.6386058925740712,-0.5872461454385036,0.0
-0.242569504179593,0.6918652982480966,0.0
0.12055246626161709,0.314737629315734,0.0
-0.0003388491815725647,0.6570101987467789,0.0
-0.9109222503011252,-0.31835708365011417,0.0
-0.40711814823995174,0.06910187477710417,0.0
0.4178940245810132,0.5412292015877382,0.0
0.7255041125519595,0.10215884513129025,0.0
-0.06048942429443005,0.3109157663315276,0.0
0.07867998209914195,-0.7474285478266469,0.0
0.29107001827652446,-0.6570444453066389,0.0
-0.3528574824383037,-0.8953683493063238,0.0
-0.581592470901684,-0.062011719360406836,0.0
-0.8065857711833391,-0.20500335472004005,0.0
0.42421158278726634,-0.31098578264831667,0.0
-0.6790795112533621,0.6948195136550537,0.0
-0.46078726058754316,0.5323263905031645,0.0
-0.9081796044109958,-0.3208174360610987,0.0
-0.8470397212998737,0.4853224443489004,0.0
-0.6878750230233623,0.6597234948274093,0.0
0.6382249567751674,0.6584449491963273,0.0
0.4244033147006294,-0.4009259354950818,0.0
-0.12282054929359965,0.44536394056889783,0.0
-0.2515003722248865,-0.678512941875481,0.0
-0.05712151294100676,-0.238707398031486,0.0
0.6006705848853302,-0.6966718998857595,0.0
-0.1084821136806926,-0.34589331802176293,0.0
0.13163177770899082,0.7982786375658057,0.0
-0.8644357283809838,0.17510292717030906,0.0
0.10948251553354105,0.22918956500195775,0.0
-0.11728645440213192,-0.39795560108250116,0.0
-0.8670921312760769,-0.09920946887539661,0.0
2.033974650386328,0.11230410990957235,1.0
1.8275824775839147,1.0530643885878685,1.0
-1.062343688095894,0.22496498832872605,1.0
-1.15402197130343,1.2238307034949318,1.0
0.11851036417223362,1.4096977077266337,1.0
0.5443521421494232,-0.9886215050846974,1.0
-2.654564234527767,0.462673769260878,1.0
0.957656176133911,-1.0081265030843334,1.0
-0.8067644988723662,-1.2388849187294997,1.0
-1.586648501746217,-2.539248147943846,1.0
1.6273200326893296,-1.4423744201126683,1.0
-1.1635914579555906,2.7300165623865777,1.0
0.16753620021326407,-1.4196658249621819,1.0
0.7525552585856546,-1.1969677588174419,1.0
0.8518178435583283,-1.2342813814376032,1.0
0.3595109899340838,0.9505286239177367,1.0
2.5798771598978654,-1.101038925684657,1.0
2.4369957720944724,-1.2631472850910779,1.0
1.1479997241658193,-2.210868191399057,1.0
-0.05773758363013181,1.9559733333591365,1.0
-0.023950727522767414,1.5385444539939013,1.0
2.3358596734356785,1.7570652278786187,1.0
-0.053404811513830495,2.504706651934732,1.0
0.8897225413111608,-1.843695271655598,1.0
-2.2166343653597687,1.506845553341247,1.0
1.7351837349779244,-0.11431268219343922,1.0
-0.9657773191660135,1.12094859605379,1.0
-1.0851781570376444,1.1658009343692497,1.0
-2.3235761814927955,1.6223308362377378,1.0
1.7331304185123582,0.4944724742198679,1.0
0.17718147951419236,2.643821429917001,1.0
-1.069828474318649,1.5530898226572345,1.0
-2.62304690674965,-1.3899266034489453,1.0
1.2810160255401295,-2.5840773518357194,1.0
-1.6558132066182112,1.1719044153509517,1.0
-0.30711562728950853,-1.302948289545669,1.0
1.4896632154461846,-0.5553265222012711,1.0
-1.2717157397615166,-0.4332127008775873,1.0
-0.18613473521984478,1.902403812879389,1.0
0.9340553975362665,-1.363890266160897,1.0
-1.9954899350045845,1.9459851397827155,1.0
-0.7430382248953848,1.880215064825765,1.0
-2.280426437228536,1.2939380972493715,1.0
-1.4723600342690117,2.3245940801967584,1.0
1.3466008639714802,0.4923964846140124,1.0
-2.29842674312721,-0.6925542756017674,1.0
-1.183738668843435,-0.7952838059482245,1.0
1.2254308411062995,2.345661488306523,1.0
1.1075353070022764,2.364429107319923,1.0
-0.9164853821234705,2.719941822715752,1.0
1.6284719850737759,1.6197864560828954,1.0
-1.9761755245274157,-1.341496720814782,1.0
-0.9786611245105026,-1.5764564083790003,1.0
0.2502119237466426,1.1589793287653773,1.0
-0.21225500203674472,1.6227306401029915,1.0
1.4454996740358725,2.402925351603234,1.0
-0.8404727244837467,-1.3327631442040178,1.0
-0.11803250843771917,1.518560958242632,1.0
-0.11325024587539101,-1.342466603439246,1.0
-2.089026458485793,0.24274199500770727,1.0
-2.738274972926971,-0.04289759267617683,1.0
2.7788798086183357,-0.958073427291047,1.0
0.9329970410086197,-0.4696044175331227,1.0
-2.351078046254516,1.1701186173918467,1.0
-2.1277854835584327,-0.030346256750834643,1.0
0.02559904589328147,1.3310205935780712,1.0
1.887466778511881,1.639538307766597,1.0
1.2999578123008675,-0.30309025086522084,1.0
0.573118997383695,-2.8609134496776374,1.0
-2.5835071349952523,-1.5134030272779988,1.0
-1.4996824911516866,-0.05611239792208999,1.0
1.2576977025853278,0.906391186450902,1.0
2.5128719592870885,-1.17761075036634,1.0
0.7766122134215487,-2.6361423200557423,1.0
-1.7070804909042299,0.37092647051367916,1.0
-1.7874475609669676,-0.9703804914492895,1.0
-1.0475824349355078,-1.7012667546834472,1.0
0.3704535367535526,2.507410043621704,1.0
1.5666742219780891,1.1869204751389377,1.0
0.5654605785441396,2.736551457036382,1.0
0.5362793487035874,2.7536928291055185,1.0
2.285014260119435,0.5665926583684929,1.0
0.04388592156400524,1.9332870100966757,1.0
0.07316070630305462,2.328731922721626,1.0
-1.954590738058135,-1.7564157922578967,1.0
1.2646300400644175,-0.25184553023972617,1.0
1.2817497197677818,1.7870491286837626,1.0
-2.09530143026889,-0.7684741411701156,1.0
-1.289490417162896,0.3861749739981402,1.0
-1.2517853390810865,-1.1945381379322955,1.0
-1.5264493334872147,1.6082453327657324,1.0
-1.656803931348246,1.7366626295438548,1.0
-2.3031953687991376,-0.24738788753753077,1.0
-2.4516726979819903,-0.059283416921141335,1.0
1.4207344238010908,-1.3690814813298602,1.0
1.9595929969798356,1.0152447705422791,1.0
-1.6701035010328436,1.1479079665938046,1.0
-1.5605078723393135,-0.8328875622598176,1.0
-0.7284013882804246,-1.8821131082021516,1.0
1.1384249317004584,-2.471419754688651,1.0
-1.8805248497440015,2.008586957852505,1.0
1.586650631849107,0.5725186253620798,1.0
-2.683545386385458,-0.187701397703632,1.0
-2.7294408633782457,-0.3175676697589663,1.0
-2.074977191295482,1.4368195118973455,1.0
0.9173620662466828,1.5018942059477072,1.0
0.7629628089059132,-1.2366374625831746,1.0
-0.5194970477410441,-1.1441545065321228,1.0
-0.027102146743017173,1.4805279660253972,1.0
1.5153446654801532,1.873725803771061,1.0
0.30708999664445447,-0.9858321976666089,1.0
-0.3920380503595245,1.5712331196432523,1.0
0.6954359666894752,1.3907570781615972,1.0
-2.3858828142398396,-1.2629455263670368,1.0
2.003230668867862,0.7505542069312665,1.0
1.0487850039420152,-0.7972175258233024,1.0
2.1598996793392664,-0.2722196277882784,1.0
-1.5189670990078041,-0.8123323372863868,1.0
0.14297011233355053,-1.5719320563415426,1.0
-1.6049709465735351,0.9079276334983302,1.0
-1.8696347585890953,-2.0982681430437005,1.0
0.662139264603967,1.1458020772944153,1.0
0.4388113074498514,-1.7287689832605273,1.0
-1.1417040397869345,-0.14321904948835903,1.0
-0.7665773502628157,-2.044664964110727,1.0
1.6364205243130385,-0.004172001308136891,1.0
0.4729411098196275,2.3065840357369005,1.0
0.5369723725560094,1.055361890321864,1.0
-0.2553698611930542,2.770186299758349,1.0
2.503734011507892,0.21492726422492514,1.0
2.424628769459498,-1.4310266479787332,1.0
-1.9754084140208426,-0.15022413640872775,1.0
-1.6074410880136563,0.5167383375550866,1.0
0.9973640076550461,-0.8684952776355404,1.0
1.2997983785392702,1.8935117932384211,1.0
-1.8278989543311979,-0.32545910224569363,1.0
1.5171357615240326,0.9417832728171076,1.0
0.6335567951345096,-1.433181012456533,1.0
1.028961111673482,2.1432478215644295,1.0
-0.19933443454690145,-1.2564151029574626,1.0
-1.607416899156189,-0.9066603015809319,1.0
1.4854139363659062,0.765690102199356,1.0
1.127088172899763,0.0408908123778318,1.0
-2.7748094670512895,0.5737904707493544,1.0
0.6784802336347731,-1.7182239996764794,1.0
-0.17303149289455333,1.4589143845336068,1.0
-2.7729359824423154,-0.6592420146572794,1.0
2.0813699916511164,-0.6191046747912066,1.0
-1.3188366967063507,0.5115835258275584,1.0
-2.5883995335019896,0.6971578561211046,1.0
0.9790759602308533,-1.5095378696124757,1.0
-1.405389466587622,0.09628510140602559,1.0
1.1368859691215596,-2.5758987152295405,1.0
1.0450042418493581,-2.1472346124944575,1.0
1.9761537736998325,1.2774451691084716,1.0
-0.3527867781560721,-1.2970469919892103,1.0
-0.3113829814963314,1.1853111432568162,1.0
1.6936118266393145,1.672369291491609,1.0
1.9459007160332962,1.1484615991970233,1.0
-2.875633723678649,0.656328632960551,1.0
1.5918412708412986,-0.9686810633193186,1.0
1.7720837009123869,-0.6378559893587346,1.0
-1.6393173408376644,0.11703535132179464,1.0
-1.5777106227606719,-1.8707396905823628,1.0
0.6197478038646124,2.541182163704795,1.0
0.2277259494146317,-1.0097336847458722,1.0
1.7670140710754736,-0.7110877843306571,1.0
2.472603353807257,-0.3669102693074968,1.0
0.06127007690721617,-2.5212796690316197,1.0
-1.266683600953685,2.340548044338047,1.0
-2.936411662346857,0.4210541114598708,1.0
1.1306819736903064,2.0664545251437527,1.0
-0.3998560073425853,-1.452025099676016,1.0
-0.23472236779561034,-1.4940192418316471,1.0
0.6543428665089596,1.0281939509994173,1.0
-0.6889620052888605,-1.231253802426132,1.0
0.9288655103530485,-1.3757571657201684,1.0
2.2830927966302257,-0.9480034285507063,1.0
-1.2999713425376438,-2.13674300074391,1.0
1.3802352225097707,-2.626595904181113,1.0
2.4767820208360747,-0.45457686905473904,1.0
0.2173025998168488,-2.6342494859272136,1.0
-1.3589514597476804,-1.9199170694672674,1.0
1.8618980226639739,1.4224747014803873,1.0
1.56963135218824,-0.3443596445324326,1.0
-1.0791209792917467,2.6997869109048773,1.0
-2.690034452581139,0.6522404916061448,1.0
1.6953436861558013,0.9299861629894381,1.0
1.1235818065591034,0.08909056925750349,1.0
2.526457777132484,0.08067944243404082,1.0
-1.8090266199869132,1.1957275155777807,1.0
-0.47751784679049797,-2.0460000039031567,1.0
-2.294098829868186,-0.9061732094207607,1.0
2.1940555343301984,-1.9460606546507824,1.0
-1.9514106701012262,0.7092953440730696,1.0
0.4636478117124614,1.1514201194426614,1.0
0.5661890846490804,-2.2729043085187937,1.0
0.6153001224168497,-0.887931381572113,1.0
-2.03713541340914,-0.8817705711974716,1.0
-0.7402459771788693,1.9520501418165692,1.0
1.919775130230845,1.9331997124402769,1.0
1.3088865478464404,-2.4907072185032,1.0
1.97621790706564,1.6639401300687016,1.0
2.433293910146967,-0.7818864780466449,1.0
-0.3226835231081459,-2.5813702500843374,1.0
2.336788096733881,-1.40638555688561,1.0
-2.498633917442741,-1.1190007698085422,1.0
-0.584442305106931,-1.4556654441088879,1.0
-2.5952532542987456,1.429009976410723,1.0
-2.3827798549638644,-0.020307655163699125,1.0
2.223555275608353,-0.5800818473297809,1.0
-1.8736759801258387,-0.8107866993619008,1.0
1.277942983613455,-0.2388394932148605,1.0
-0.17447532135609484,1.8952118187958011,1.0
-2.531044590560333,-0.5238052072053914,1.0
1.389831961547,-2.4167980764931314,1.0
1.148121178576903,0.31775545556657936,1.0
1.0231519525374235,0.6329096732606506,1.0
0.8292023937622417,2.7565909137835236,1.0
0.6445856742464771,-2.1698791453837933,1.0
0.5803552223726366,-2.2168010384418726,1.0
0.6758269194554679,-2.5626084630930714,1.0
0.8921324089137703,0.6677420619029687,1.0
-0.07001484174783895,2.316617214023536,1.0
-0.14021793503769617,1.9727918885758406,1.0
-1.1232087247679376,-0.9236122556606783,1.0
1.447511651978376,-1.3592890579268444,1.0
-1.7910203035694747,0.20885744013169755,1.0
1.4185998581428922,-2.2016842687592417,1.0
-1.579908750353913,0.4353369536574189,1.0
1.8708130843396733,0.4658534259466913,1.0
1.180255497212743,-1.3095474228528754,1.0
-0.7270165151346143,-0.9607371376345649,1.0
0.9942304370595553,-2.063115215164,1.0
0.49746227086355027,-1.6302583416886007,1.0
0.71998924177969,-2.334581246641968,1.0
1.1829770894554068,0.4893130427668871,1.0
-0.013015092938131327,-2.702903368195198,1.0
-2.6488940129310232,-0.9777179280419672,1.0
0.5685267900698713,-2.587162772842267,1.0
-0.7253851392277014,-1.1699277890844906,1.0
2.5773975865498104,-1.088263335846147,1.0
-1.352044620860582,-0.547153239971558,1.0
-1.8656724982156423,2.13135602726798,1.0
2.111967263646287,-0.9623297302680479,1.0
1.0396910978191993,-1.5924279955342395,1.0
-1.3544530575900766,-0.33662060926180654,1.0
-2.719318412821084,0.6440843769172028,1.0
2.4628229426062513,-1.5237387315223685,1.0
-1.8815743530729334,-0.8621618736748964,1.0
0.2911035633995372,-2.3224187449899967,1.0
-1.2294452914868472,-1.7096921612343412,1.0
2.2975931582107867,-0.029164271478280136,1.0
2.1872296228608654,-0.6302793256906013,1.0
1.9831109335796338,-2.167403748513596,1.0
0.6890107950796795,-1.6475058516443617,1.0
-1.113628192136124,0.4153772162039588,1.0
-1.2347802848740776,-0.9310932842289911,1.0
-2.643250703401003,0.6137615013507284,1.0
1.3785786112750695,-0.4114513196318303,1.0
1.7763866399910375,2.3834765921879173,1.0
-1.5466082955677032,0.944562785503342,1.0
-1.419853768828927,1.2937943631397981,1.0
-1.2244568840047378,1.9436160719755153,1.0
-0.607425417285572,2.4137037298649737,1.0
-2.5308309479239677,0.8479996111460943,1.0
-0.9180200862577489,1.9142075510449534,1.0
-1.488240836242696,0.27521565261326897,1.0
1.2336633135225519,-1.6840949267550411,1.0
-1.719386757284211,1.5041764598278964,1.0
0.8469462085234919,-2.6767953612923567,1.0
1.5564055977396123,0.119894988212037,1.0
-1.3092805671774506,-1.0491766744505369,1.0
2.804720650008147,-0.3892849324724596,1.0
2.4456533972258634,-0.4511526558671258,1.0
0.8330683404591149,1.8164849855977934,1.0
1.3115775305331239,0.26115879510638845,1.0
-1.5016533344702294,-0.6626166405301764,1.0
1.1724515655153582,-0.4104960266364507,1.0
1.571484376780571,-0.00543895966606599,1.0
-0.7101310480272681,-2.3478719313336605,1.0
1.2261904000180832,-0.085231084744775,1.0
-2.00809721697692,-0.021237686604668963,1.0
-1.0077587685961347,0.6232405625009856,1.0
-0.11238528772489559,2.873554850688788,1.0
1.5803890608977753,-0.6672016890117471,1.0
-1.812935230620535,0.1294232968520778,1.0
-1.2560835345684789,-1.4776824433325277,1.0
0.855198718642048,1.167855822638511,1.0
-1.5115384443160111,0.6386456024634275,1.0
-2.1695993433636183,-1.9156035260686428,1.0
-0.02545801258357221,2.1090913848520048,1.0
2.8974210274535537,-0.4862909902387114,1.0
-1.6133684600756732,-1.4065144873864812,1.0
1.6059822415627627,0.906907241032511,1.0
2.526776578581678,-0.37384321574286056,1.0
1.5955905067888645,-2.4922514330817047,1.0
1.899405271552464,0.2845473055412223,1.0
-0.1983005360049975,1.9570006471310866,1.0
0.8016190287716645,-1.5123972044003398,1.0
0.7783701434207737,1.072215832019258,1.0
-1.532144416449836,0.16605959339963355,1.0
-1.6989526201787855,-0.3403666598660135,1.0
0.5526867306199382,-1.6184678047001622,1.0
-1.1024719940977785,-1.7541465355239638,1.0
2.2116775877613155,0.4887766925805924,1.0
0.2735170862150143,-1.121797749828818,1.0
1.12658617614791,0.2089060849328673,1.0
2.0313009173442116,-0.744724741844856,1.0
-2.633867121332335,-0.28932305506366723,1.0
1.2577766208597798,0.2369166347188273,1.0
0.7727184046637603,1.393524964179524,1.0
1.2928357996622317,0.4731428421461997,1.0
2.941025677454243,-0.09072441109495744,1.0
1.613865170431703,0.051643088789025515,1.0
-1.920179583745368,-0.3953300360108125,1.0
0.061339926820116825,-1.2474829811282047,1.0
-0.4418667830665876,1.0579719335881776,1.0
1.421273566170357,-1.1888452108051626,1.0
0.25813818252948506,-1.170160019091706,1.0
-1.346916586804018,-0.2986047547252437,1.0
-1.4622907178086453,-0.040866184213858216,1.0
-0.787560963261407,-1.5344761515621317,1.0
-1.3358164515232749,-2.464602832739714,1.0
-0.33756087467244483,-1.5951581612437837,1.0
0.8504310478663423,-2.4163347740806085,1.0
-2.381550535439269,-0.013451235166715892,1.0
0.9851048792394717,0.9103974608932277,1.0
1.7729027123603454,0.8549537935782386,1.0
-2.392430120797581,1.1183682478835746,1.0
0.0778782271345685,-2.193539113009289,1.0
-1.5158094447865273,0.7015027483755977,1.0
2.0927717029934123,0.9228476825325808,1.0
0.65877801557895,-2.2595462134519995,1.0
2.197041825951648,0.09416960754282641,1.0
-1.5074129633713493,1.7294893660483572,1.0
2.5750004825301755,-0.13252696374650227,1.0
-1.2119887508334637,1.280235262212775,1.0
2.533185843985634,1.3619251574986573,1.0
-1.861935842275517,0.3351250217210723,1.0
1.675509428397975,-0.07655447884770784,1.0
-1.2705370652637233,1.5636822304554712,1.0
-2.016045866054495,-0.7369847296501942,1.0
0.1599534626976666,1.432528074494231,1.0
-1.857816643510928,-0.5620385493154652,1.0
-0.6478223363113402,-1.128724114274491,1.0
0.33803576281848347,1.3369693301303487,1.0
-1.973915961874043,0.3373864075047816,1.0
1.0051874567282961,1.2987558707943587,1.0
1.3344226820911846,0.47705954836465686,1.0
-1.6185780790928337,1.8799312240423758,1.0
-0.99091659010121,-2.0254837487763973,1.0
1.0533541225228025,-1.3747700884612952,1.0
-0.6057594725853239,-1.1251187185012892,1.0
-1.615490014041232,-0.8488296068951219,1.0
-0.3628525028600813,2.263399259086269,1.0
0.9317082648626627,-2.2918695288666013,1.0
-1.1435124808628205,-1.4359251854455513,1.0
0.6627534757107985,0.7783946507774521,1.0
-1.0775326719538156,-0.20848769717996798,1.0
-2.051194413644436,1.856864552691269,1.0
0.24198255938739896,-1.5243063068879161,1.0
-1.5224417112697577,1.7337167263282982,1.0
-0.0278408477997149,-1.6037696020255399,1.0
-1.4125489563509992,-2.63914361571201,1.0
-0.6961488288984903,0.7606492234256098,1.0
-2.6517490440243536,-0.01335235970251428,1.0
1.5819488815287623,-1.9262628626095915,1.0
-2.3176928276121918,-1.2739182478778661,1.0
1.062571259156673,0.7380023851664497,1.0
0.3298416702864676,2.95573244130923,1.0
1.5190948392535637,-1.6729698595593143,1.0
-2.831552831954654,0.6678684494464595,1.0
-1.1398903294943985,-1.0001053474941088,1.0
-0.5603648940157926,1.1982784915474427,1.0
0.9606953755810108,0.8994729231107691,1.0
-0.9246232459373526,1.462475709887475,1.0
-1.1871336859472301,-0.21807080339258378,1.0
0.680150261584744,-2.850428144521254,1.0
-1.4044235020624083,-2.492237622375803,1.0
0.4174445993515695,1.42105051057668,1.0
-1.9114386457053414,0.7628370677178794,1.0
-1.4063299897157147,0.18167631227680744,1.0
-0.14596463179235133,-1.0818826884766566,1.0
1.8396753334898301,-1.3133821586216183,1.0
-2.0359956395672247,0.027747004035768772,1.0
-1.5682659349754138,1.5391610870074122,1.0
1.676239353655069,-0.7224777152850229,1.0
-0.8219374379155491,-1.7449941123820596,1.0
-1.8758380322468378,1.1273839172269988,1.0
-1.0550221122682488,1.4646800128146282,1.0
-2.9035884310654745,0.21821608449326388,1.0
-0.05699602757271008,1.2144138247192955,1.0
-1.101746244196696,-1.8060607100498318,1.0
1.802162069939344,0.32986836384683754,1.0
1.2189275306613987,-0.26622987019291927,1.0
0.0017445571459336598,-1.1745288156333644,1.0
-2.470413498425672,-0.510373167026549,1.0
1.9972830177825491,-1.9876619153636967,1.0
-0.9383618770854355,0.5461078052956337,1.0
-1.328165689518057,-0.5230620145376456,1.0
1.4459683030013661,-2.5596127773839927,1.0
1.6381845101270982,-0.2918848083185554,1.0
1.6301790890073704,1.7316724127645267,1.0
-1.4486906545714642,2.3620120970591625,1.0
-0.8395408280020372,-1.6034617384865009,1.0
-0.7699640274701204,-2.0483278645722662,1.0
0.709399649645833,1.5279238800747694,1.0
-0.5842780889235941,-1.856921733990199,1.0
-0.3287145722307737,-1.3428940898535608,1.0
-1.494064984075099,0.30882490452683964,1.0
1.1234982118085357,0.9495184190704048,1.0
-1.384127868401392,-1.5476706304853067,1.0
-1.9697567434684315,0.7537284184110403,1.0
-1.7347858561904603,-0.6758450235892562,1.0
-1.4722310377580734,-0.01993968587383521,1.0
0.9985058571429445,0.47683352024735753,1.0
0.8277322536375425,1.5855558281387703,1.0
-2.6462792496956626,1.2557222348068526,1.0
-0.9506590386567786,2.4548672066103627,1.0
1.031633625216467,-0.6638062213895264,1.0
-1.1980965291851635,0.5975753799747797,1.0
-1.214980148684854,-0.004000604262421063,1.0
-0.6369055245955393,-1.2101689009787338,1.0
-0.9450459400496243,0.39926996956916366,1.0
-0.9721162538780181,-0.41057594122319774,1.0
-1.3634155136301662,0.8391355886188794,1.0
2.736517744014322,-0.8668363672606695,1.0
0.7041943948616621,0.9215792915177117,1.0
-1.041311059256108,-1.0123002641236278,1.0
-0.7657387551431977,1.5018846886591848,1.0
1.473922961153882,-0.6057791007551628,1.0
-1.3967619025838405,-0.21999010073520017,1.0
2.5953429860609085,0.11830176150495098,1.0
0.6237560252001393,2.900854237655857,1.0
-2.272417761613851,-1.9264918620548188,1.0
0.92898228931361,0.9666246899178988,1.0
-1.5635507886763953,-0.3680739336021908,1.0
0.8888339879684244,-1.5367523869677184,1.0
2.7937424117025533,-0.10398790036080041,1.0
-1.4744327998168072,2.3638784265836508,1.0
1.41762217655966,2.3716790827038303,1.0
1.6440415709919691,-1.495158037282437,1.0
2.053306736028484,1.7351704619878185,1.0
2.081893588366426,-2.139630083022576,1.0
1.4572446561589287,-0.432517585678842,1.0
-1.017500457767705,-1.638501366824829,1.0
1.165162324741941,-0.06672094476180392,1.0
1.1259434785975075,1.2562910492727695,1.0
-0.4154920829059963,-0.9182652421979605,1.0
-0.3223446651975089,1.8179922032018458,1.0
-0.35350866397370995,1.9071118868916415,1.0
-0.7447268751193233,1.346619799745751,1.0
-1.2156852499571702,2.481372058696386,1.0
-1.4377548214066591,-1.2403592247176631,1.0
-2.348079026198468,-0.2185604282433787,1.0
-2.4311047229344562,-0.1474839094430915,1.0
-0.5768315202758093,-1.4592586562049368,1.0
-1.6030024958060483,0.7118919484349026,1.0
-0.9182732639975676,1.8986123716597456,1.0
-0.9150901345580564,-1.2338130630552433,1.0
0.8994255197434938,0.9979033685950712,1.0
0.4509566319512166,1.721689340886641,1.0
-1.2958829055615129,-1.0699955458098689,1.0
-0.5985040146499896,2.4370286083110395,1.0
2.6847546629144285,0.5139132956580007,1.0
-2.0147582412326877,0.6519674208010158,1.0
0.9178912349262626,1.8796015601242595,1.0
-1.3163636569086918,-2.4815951609675193,1.0
1.9022478512689125,-0.5573907089662232,1.0
-2.494586344112229,-1.273740793925533,1.0
-0.7784253064336336,-2.0067119006657204,1.0
-0.892133829637073,1.885515265694759,1.0
1.0086856553272712,2.7783446921214052,1.0
1.3427351373492058,1.6353829031609257,1.0
-2.2609486693471736,-0.764617322745432,1.0
2.1350105330691656,1.5250593981882181,1.0
1.0862629766798035,0.8187875952412543,1.0
-0.3917627802004133,-1.5923678460525945,1.0
-1.8774277044164536,-1.5065885850433267,1.0
-0.15080390577918926,2.5382241149168063,1.0
-1.0234100564236401,1.0224245301399584,1.0
-0.36113723608235276,-2.536725820487852,1.0
0.9810523633294389,-0.6256951902918513,1.0
1.6794702990532842,0.31334012289169394,1.0
-2.596383025193236,-0.21571773264656968,1.0
-1.1189350659057562,-0.22563359057222412,1.0
-0.46324820246002313,-1.3400539308082102,1.0
2.169364177159104,0.7332377012923897,1.0
-1.1621626374513878,-2.494601018720184,1.0
-1.1995039495630242,1.3612126411988281,1.0
2.1714412676807946,0.44691292501273466,1.0
2.3555053811765894,-1.317004472043763,1.0
-0.4247093599494958,2.3895346373180386,1.0
-1.411542661147141,0.9998255375262702,1.0
-1.7025148519946944,1.549912307322495,1.0
-1.0330567732331744,0.3078361273423971,1.0
1.7615657628598214,0.9261845577483697,1.0
-2.3767602728984114,0.4491298445483296,1.0
-1.7120509938670105,-0.6996304419977362,1.0
